{
  "best_metric": 0.7639023065567017,
  "best_model_checkpoint": "/content/drive/MyDrive/Modelpirchcombine/output/checkpoint-500",
  "epoch": 1.282051282051282,
  "global_step": 500,
  "is_hyper_param_search": false,
  "is_local_process_zero": true,
  "is_world_process_zero": true,
  "log_history": [
    {
      "epoch": 1.28,
      "learning_rate": 2.863247863247863e-05,
      "loss": 0.6628,
      "step": 500
    },
    {
      "epoch": 1.28,
      "eval_accuracy": 0.8256410256410256,
      "eval_f1": 0.8256410256410256,
      "eval_loss": 0.7639023065567017,
      "eval_precision": 0.8256410256410256,
      "eval_recall": 0.8256410256410256,
      "eval_runtime": 8.3287,
      "eval_samples_per_second": 46.826,
      "eval_steps_per_second": 5.883,
      "step": 500
    }
  ],
  "max_steps": 1170,
  "num_train_epochs": 3,
  "total_flos": 370663327414224.0,
  "trial_name": null,
  "trial_params": null
}
